{
  "backend/.env": {
    "hash": "9fc6e0c140b9e9481c93a2f725b2bf91b17ba010765238b1990ea8bab2e9d18d",
    "size": 9476,
    "modified": 1759605509.8296394
  },
  "backend/app.py": {
    "hash": "aecd44f7de22a28c9ecb7c53c161598fdcdfe9697f7de0d6487682a362ddf375",
    "size": 18762,
    "modified": 1759604529.9207456
  },
  "admin_credentials.json": {
    "hash": "8af3375ce2229a09bd3299217795a81937ef1903a9c2d723184f0a3bda57c610",
    "size": 1908,
    "modified": 1759605617.4181848
  }
}